Timestamp,Motion_Yaw,Motion_WorldPositionZ,Motion_WorldPositionY,Motion_WorldPositionX,Throttle,Steer,Speed,Motion_Roll,Motion_Pitch,Gear,Motion_GForceVertical,Motion_GForceLongitudinal,Motion_GForceLateral,EngineTemp,EngineRPM,Brake,LapNumber
1612191099000000000,-1.6215802431106567,-39.90142059326172,91.49635314941406,-348.535400390625,0,0,0,-0.000868909468408674,-0.007906198501586914,0,0,0,0,90,3488.2,0,1
1612191100000000000,-1.6215802431106567,-39.90142059326172,91.49635314941406,-348.535400390625,0,0,0,-0.0008689093390583164,-0.007906198501586914,0,0,0,0,90,3501.277777777778,0,1
1612191101000000000,-1.6215802431106567,-39.90142059326172,91.49635314941406,-348.535400390625,0,0,0,-0.0008689093228895217,-0.007906198501586914,0,0,0,0,90,3500.0625,0,1
1612191102000000000,-1.1901855137613084,215.21429273817273,100.6606076558431,88.52178022596571,0.7222222222222222,0.004283958159956253,170.72222222222223,0.018069841045265395,-0.01527788241704305,4.222222222222222,0.07201007678587404,0.657595694065094,-0.04794162028055224,90,9388.666666666666,0,1
1612191103000000000,-1.074158363044262,314.9959087371826,103.13010501861572,164.02579402923584,1,-0.0008973703743322403,242.8125,0.023994412156753242,-0.00967976450920105,6,0.04757422534748912,0.6852024160325527,0.007624680172739318,90,11159,0,1
1612191104000000000,-1.0700415686557168,348.91046142578125,103.13648384495785,101.70467216090152,1,-0.0013213140559137652,263.1578947368421,0.024556012334007966,-0.015081537397284257,6.7894736842105265,-0.1097491979598999,0.5151052678886213,0.03807130583414906,90,10896.263157894737,0,1
1612191105000000000,-1.0651789150739972,386.04982396175984,102.17845274272717,34.275997826927586,1,-0.0004896334154948004,279.05263157894734,0.023868079346261527,-0.02821095993644313,7,-0.1070317454440029,0.38602297400173385,0.01855985107096402,90,11220.736842105263,0,1
1612191106000000000,-1.0658214405963296,424.59792769582646,99.99498427541633,-35.30501910259849,1,0,290.63157894736844,0.023383098507398052,-0.03905205350173147,7.105263157894737,-0.04415454972829474,0.2690103189333489,-0.010201973509729692,90,11576.421052631578,0,1
1612191107000000000,-1.0663310226641203,464.2181830155222,97.48165291234066,-106.97636654502467,1,0,298.63157894736844,0.023832810454462703,-0.030556998754802504,8,0.157279582400071,0.2080286011884087,0.0015752110591979306,90,10663.78947368421,0,1
1612191108000000000,-1.0609210039439954,505.0333332262541,96.30549742046155,-180.66459896689966,1,-0.10526315789473684,304.63157894736844,0.026365101827602638,-0.015103089182000411,8,0.1723648279439658,0.13740448026280655,0.10284777323249727,90,10877.052631578947,0,1
1612191109000000000,-1.0544779698053997,545.444322374132,96.4306886461046,-252.2738528781467,0.5555555555555556,0,292.77777777777777,0.02651660961823331,-0.010510709550645616,7.888888888888889,-0.05456561522765292,-1.80890077062779,0.015871447743847966,90,10523.277777777777,0.4430168867111206,1
1612191110000000000,-1.1358108144057424,578.4568674187911,96.35048555072986,-311.6818478232936,0,0.7368421052631579,184.94736842105263,0.018685284658874337,-0.018618119390387284,5.631578947368421,-0.06786675741405863,-2.5074099427775334,-1.3467718296880393,90,8843.631578947368,0.955139978935844,1
1612191111000000000,-1.68890927339855,587.9807000411184,95.68420088918586,-351.686080129523,0.10290313394446123,1,128.78947368421052,0.009024531243516034,-0.02323739152205618,4,0.028648940944357923,-0.5680942837528786,-2.4508817195892334,90,8040.473684210527,0.18478736791171527,1
1612191112000000000,-2.3593281507492065,573.0955132378472,95.07464769151476,-382.9121398925781,0.6115838587284088,1,132.5,0.018970457423064444,0.0055815908643934466,4,0.029771299471677694,0.4818904880020354,-2.4634766578674316,90,8508.444444444445,0,1
1612191113000000000,-2.945250335492586,540.3401360762747,94.35136493883635,-399.78806987561677,1,0.5789473684210527,149.73684210526315,0.01190246286262807,0.00696035435325221,4,-0.0021987998441449904,0.8165429156077536,-1.9289559870958328,90,9548.473684210527,0,1
1612191114000000000,-0.30611544847488403,493.50579223632815,93.22909812927246,-402.78247833251953,1,0.4,189.35,0.02357448833063245,0.02336881160736084,4.5,0.04522425712784752,1.1311418563127518,-0.3248137978836894,90,11088.65,0,1
1612191115000000000,3.10147323873308,435.34027777777777,92.21972147623698,-401.52482265896265,1,0,224.66666666666666,0.010704572643589927,0.011198812060885958,5.666666666666667,0.01808416646801763,0.8621643649207221,-0.08438677366615997,90,10916.666666666666,0,1
1612191116000000000,3.0999609043723657,370.5088661595395,91.54139709472656,-398.8002865439967,1,-0.10526315789473684,249.52631578947367,-0.024956151450935164,-0.024695201923972683,6.052631578947368,0.0762016663670932,0.6231024390772769,0.03443694183308827,90,11383.421052631578,0,1
1612191117000000000,3.1041690801319324,298.97410824424344,91.27870459305613,-396.03065571032073,1,0,267.89473684210526,-0.030651934248836415,-0.030615367387470446,7,0.003091178956980768,0.49568113370945577,-0.0015086205921282893,90,10775.526315789473,0,1
1612191118000000000,3.109323765102186,221.86212399131372,91.21862431576378,-393.2804388748972,1,-0.15789473684210525,283.7894736842105,-0.024131089448928833,-0.024143275461698834,7,-0.0023491910879353158,0.39148773331391185,0.07098925652864732,90,11409.263157894737,0,1
1612191119000000000,3.1168209181891546,139.21862284342447,91.2309816148546,-390.98990546332465,1,0,295.5,-0.020016638769043818,-0.020030087894863553,7.611111111111111,0.0021942719144539703,0.2429497241973877,0.025769427185878158,90,11062.277777777777,0,1
1612191120000000000,3.1025507590349983,56.36537226508646,91.22210962632123,-388.4785892262178,1,0.058823529411764705,304.47058823529414,-0.015322906951255658,-0.015340713893665987,8,-0.015031805809806375,0.22908451627282536,-0.13358636686975575,90,10872.470588235294,0,1
1612191121000000000,3.1030421521928577,-28.431933449374306,91.20788065592448,-385.08617316351996,1,-0.05555555555555555,311.3333333333333,-0.014574243014471399,-0.014601687590281168,8,0.02758626060353385,0.1694626650876469,0.03189361063737629,90,11116.777777777777,0,1
1612191122000000000,3.1049745877583823,-115.32097456190321,91.15007909138997,-381.86604648166235,1,0,316.44444444444446,-0.019123172749661736,-0.01909836795594957,8,-0.03008652509500583,0.12754318780369228,-0.000746267540509709,90,11299.333333333334,0,1
1612191123000000000,3.104299704233805,-204.39598168267145,91.11796018812392,-378.6069047715929,1,0,320.22222222222223,-0.0230891661097606,-0.02316235171424018,8,0.04138478176254365,0.09089995713697539,-0.03188465138211743,90,11432.888888888889,0,1
1612191124000000000,3.1015879180696277,-294.5129631890191,91.57269541422527,-375.0827467176649,1,-0.05555555555555555,322.94444444444446,-0.024684067919022508,-0.025037288665771484,8,0.011310214760467514,0.06125128807293044,0.024052584431855293,90,11527.055555555555,0,1
1612191125000000000,3.105406297577752,-384.8486039903429,92.37864642673068,-371.6730380588108,1,-0.1111111111111111,324.6666666666667,-0.02335734147992399,-0.023700866434309218,8,-0.03699496220279899,0.04460300070544084,0.030808691662969068,90,11592.444444444445,0,1
1612191126000000000,3.1107019186019897,-474.03857421875,93.29596159193251,-368.6570875379774,0.4444444444444444,0,301.6111111111111,0.0009419507469930169,0.0006207558843824598,7.888888888888889,-0.02564391079876158,-2.3380082133743496,0.03533255863779535,90,10824.111111111111,0.5555555555555556,1
1612191127000000000,3.1012663178973727,-541.7505730523003,94.07122717963324,-366.5203687879774,0,0.4444444444444444,181.33333333333334,0.022268959631522495,0.02194070816040039,5.555555555555555,0.01580561837181449,-3.0550757712788053,-0.31327855880307554,90,8761.611111111111,0.9049091835816702,1
1612191128000000000,2.682360661657233,-580.0809422543174,94.30067082455284,-360.5067427785773,0,1,106.6842105263158,0.01837640339018483,0.022091652217664216,3.0526315789473686,-0.06626817077937487,-1.2907416883267855,-2.111871970327277,90,7975.105263157895,0.6118359564693252,1
1612191129000000000,1.924223283926646,-596.5877516004774,93.96068403455946,-343.8542938232422,0.2142587337228987,1,82.05555555555556,0.02822853143637379,0.01882513364156087,2,0.11143468930903408,-0.009135461515850492,-2.0481101870536804,90,8124.166666666667,5.555555819430285E-05,1
1612191130000000000,1.0836733082930248,-594.0826619466146,93.70014529758029,-321.5076972113715,0.35026370154486763,0.7777777777777778,91.5,0.018102114062963262,0.009177645047505697,2,-0.050610680443545185,0.36999305254883236,-1.81860071586238,90,9177,0,1
1612191131000000000,0.7722450777104026,-574.4189035516036,92.96784129895661,-299.4646108526933,0.8110796840567338,-0.47368421052631576,122.26315789473684,-0.005041576361308168,0.01773853051035028,2.526315789473684,0.06202567015823565,0.9158088847210533,0.3380817672678907,90,10875.315789473685,0,1
1612191132000000000,1.1730237404505413,-552.7018839518229,92.64650175306532,-270.8338572184245,0.8452759351995256,-1,137.05555555555554,-0.006540736947499681,-0.0022467772165934243,3,0.10382499411288235,0.17175906068748897,2.446259789996677,90,11113.5,0,1
1612191133000000000,1.7718162285654169,-549.4548307719983,93.19587506745991,-233.8492431640625,0.9409027130980241,-0.6842105263157895,147.78947368421052,0.014848864969711653,-0.01424411096070942,3.4210526315789473,0.016985159364259362,0.5843551233410835,1.958668832324053,90,10961.052631578947,0,1
1612191134000000000,1.857561469078064,-563.3338894314236,94.4450569152832,-190.35974629720053,0.8802753720018599,0.5,181.61111111111111,0.02254130442937215,-0.02533644437789917,4.388888888888889,0.035669233947474926,0.8411115205122365,-1.2760121011071734,90,10867.277777777777,0.03885402282079061,1
1612191135000000000,1.5868015163823177,-571.4742528011924,96.15872593929893,-142.29400273373253,0,0.7894736842105263,148.78947368421052,0.021248081110809978,-0.03349764096109491,4.473684210526316,0.0307332293963746,-2.0363702083888806,-1.3798240244780715,90,8545.263157894737,0.8779770010396054,1
1612191136000000000,0.9354904576351768,-564.3389796206826,97.18302636397512,-110.26463317871094,0.11565030248541582,1,97.47368421052632,0.03245778028902255,-0.030986491002534564,2.5789473684210527,-0.01326177118493146,-0.6096469796213665,-2.176381274273521,90,8358.78947368421,0.2660007900313327,1
1612191137000000000,0.18170158609159684,-542.9450298108553,97.18666879754318,-97.09109657689145,0.47269564553310994,1,99.47368421052632,0.025351556116028837,-0.023431934808429918,2,-0.030989773412186065,0.43749029855979116,-2.053310469577187,90,9981.052631578947,0,1
1612191138000000000,-0.43846987932920456,-514.9125349256727,96.42041227552626,-102.02098634507921,0.792943557103475,0.1111111111111111,113.72222222222223,0.021690515930660896,-0.03363441096411811,2.1666666666666665,-0.0241766387803687,0.5436354320910242,-0.94602420181036,90,11014.5,0,1
1612191139000000000,-0.4750729070769416,-482.8583763970269,95.177065955268,-118.561095767551,0.9813215699460771,0.2222222222222222,147.33333333333334,0.018842217292533152,-0.03207901451322767,3.4444444444444446,-0.011524185098500716,1.2090329461627536,-0.057962257492666446,90,10831.333333333334,0,1
1612191140000000000,-0.4407582249906328,-441.804933336046,93.59882693820529,-139.68717617458768,1,-0.5555555555555556,189.61111111111111,-0.0030025071302791024,-0.01029425859451294,4.555555555555555,0.2571361778407461,1.1021713440616925,0.8646492435493403,90,11030.722222222223,0,1
1612191141000000000,-0.27344890013337136,-387.9944183349609,92.96273269653321,-159.4878257751465,1,-0.55,221.6,-0.020608161576092243,0.021348857879638673,5.55,0.04226893018931151,0.8667825311422348,0.8313258431851864,90,10990.4,0,1
1612191142000000000,-0.10235397203972466,-322.7944127133018,93.24314157586349,-171.68980006167763,1,-0.10526315789473684,247.26315789473685,-0.019567187826492284,0.01973342268090499,6,-0.026394930055463,0.6283710630316484,0.7910086208292725,90,11368.631578947368,0,1
1612191143000000000,-0.062098385559187994,-251.7620129055447,93.23426267835829,-177.39417182074652,1,-0.3333333333333333,265.77777777777777,-0.023000311106443405,0.02304484446843465,6.944444444444445,-0.006572632119059563,0.46492233872413635,0.29357287427410483,90,10765.888888888889,0,1
1612191144000000000,-0.04314636356300778,-177.21038309733072,93.22727966308594,-181.0794940524631,1,0,279.6666666666667,-0.024248599488702085,0.024295111497243244,7,0.00134144795851575,0.3464698443810145,0.017360708178279713,90,11242.222222222223,0,1
1612191145000000000,-0.04237832501530647,-97.11450155157792,93.22792253996197,-184.49701168662622,1,0,291.10526315789474,-0.02378318262727637,0.02380562456030595,7.2105263157894735,-0.0022485837904050164,0.26487624645233154,0.00760414922995934,90,11423,0,1
1612191146000000000,-0.05317506037260357,-13.264816757879759,93.22836946186267,-188.3498165732936,1,0.10526315789473684,301.05263157894734,-0.023588429254136588,0.023606105854636746,8,-2.2600012782372925E-05,0.25662085884495783,-0.12077058833260947,90,10752.263157894737,0,1
1612191147000000000,-0.0545117602144417,69.52115520678069,93.24294602243523,-192.9228162263569,1,0,308.63157894736844,-0.02226721073843931,0.02229365549589458,8,-0.004342325301350732,0.1912328655782499,0.029146262377157416,90,11023.842105263158,0,1
1612191148000000000,-0.06103817280381918,156.2088108062744,93.26771812438965,-197.73654479980468,0.6,0.1,302.8,-0.02346187029033899,0.023421883583068848,8,0.004094444215297699,-1.562706008553505,-0.1187572727096267,90,10770.85,0.398980113863945,1
1612191149000000000,0.07837991818393532,228.4197170859889,93.28109058580901,-200.79156253212378,0,-0.9473684210526315,205.10526315789474,-0.012702235706934803,0.013413843355680766,6.157894736842105,-0.037998300830000324,-2.444098585530331,2.070331143674833,90,9076.78947368421,0.8552493594194713,1
1612191150000000000,0.6335945427417755,272.8548134251645,93.10084172299034,-187.46161049290708,0.040628684194464436,-1,150.89473684210526,0.005184734460750693,-0.003955383049814324,4.473684210526316,0.05873091450255168,-0.730004337273146,2.573191893728156,90,8716.473684210527,0.11814602668470654,1
1612191151000000000,1.2453089011342902,296.4579194721423,93.67206412867496,-156.46062349018297,0.9188924400429976,-1,146.57894736842104,-0.03719572066084335,-0.010467799086319772,4,0.1585158223384305,0.43409240128178345,2.697994533338045,90,9323.894736842105,0,1
1612191152000000000,1.8694687419467502,296.8451860215929,94.51608022054036,-114.36561626858182,1,-0.8333333333333334,162,-0.042660859723885856,-0.027080251110924616,4,0.10028234305274156,0.6183230512672,2.354889283577601,90,10288.222222222223,0,1
1612191153000000000,2.2269789112938776,274.0398118760851,95.51901965671115,-72.51856528388129,1,-0.8333333333333334,192.22222222222223,-0.03705505592127641,-0.04496920771068997,4.666666666666667,0.1506328837842577,0.9443383660788337,1.840506421195136,90,11011.166666666666,0,1
1612191154000000000,2.550259828567505,232.03221130371094,97.55992367393092,-34.30008125305176,0.985879521620901,-0.3157894736842105,216.1578947368421,0.008948808658475938,-0.015156890216626619,5.315789473684211,-0.12860233670002535,0.5335948839783669,1.0427679168550592,90,11166.421052631578,0,1
1612191155000000000,2.656539058685303,177.28992080688477,99.89395904541016,-1.6361563473939895,1,0,239.1,0.03191927894949913,0.012777996063232423,6,-0.02614195302594453,0.645646820217371,0.4416819425299764,90,10997.15,0,1
1612191156000000000,2.392088148328993,117.61727057562933,102.22437074449327,34.80367003546821,0.9941183725992838,1,255.11111111111111,0.023890041435758274,-0.005993220541212294,6.555555555555555,0.0808851136179227,0.363412541233831,-3.7470894720819263,90,10981.666666666666,0,1
1612191157000000000,1.839339746369256,80.0455682542589,104.51703813340929,92.10729429456923,1,1,260.6111111111111,0.021066022829877004,-0.0209949877527025,7,0.003317501266590423,0.3680511597130034,-4.101726955837673,90,10556.777777777777,0,1
1612191158000000000,1.2854950891600714,78.07615322536893,106.15146933661566,163.06529066297742,1,0.7777777777777778,266.5,0.023515892008112535,-0.022406737009684246,7,-0.007705583754512999,0.34945305850770736,-4.092211272981432,90,10790.055555555555,0,1
1612191159000000000,1.081301341454188,108.95557912190755,106.77363544040256,230.34733496771918,0.6111111111111112,-0.16666666666666666,265.1666666666667,0.04289880943381124,-0.02113293276892768,7,-0.10461678107579549,-1.1286790702078078,0.5218700584438112,90,10628.444444444445,0.3395169410440657,1
1612191160000000000,0.8488520483175913,140.08895958794488,106.62111197577582,285.0598331027561,0,1,192,0.025649674961136446,-0.008551696936289469,5.833333333333333,-0.01035118193572594,-1.7546772095892165,-2.9858126176728144,90,8911.888888888889,0.6969774247328233,1
1612191161000000000,0.24600918193984972,177.79768291272615,105.92654539409436,310.96510395250823,0.17959282900157728,1,148.05263157894737,0.023698744903269568,-0.017374822967930845,4.2105263157894735,0.02147663146943638,-0.41107473443997533,-2.6500681701459383,90,9021.736842105263,0.11306656034369218,1
1612191162000000000,-0.3994256729880969,217.80074649386935,105.10839758978949,308.48766242133246,0.5538838704427084,1,149,0.03097446273184485,-0.033320883909861244,4,0.10822846662874024,0.26920460826820797,-2.698712640338474,90,9472.111111111111,0,1
1612191163000000000,-0.9363807539145151,250.27381134033203,104.43940734863281,281.52693854437933,1,0.5555555555555556,164.94444444444446,0.034300178496374026,-0.03412056631512112,4,0.1716848132200539,0.6830755968888601,-1.5870708376169205,90,10470.166666666666,0,1
1612191164000000000,-1.0644187331199646,275.9770779079861,103.64460966322157,239.34484100341797,1,0.3333333333333333,195.27777777777777,0.03601977601647377,-0.027612553702460393,4.722222222222222,0.09384045253197353,1.0102957321537867,-0.1671499771376451,90,11088.5,0,1
1612191165000000000,-1.0906946659088135,303.5399683902138,103.18301471910979,187.88618710166529,1,0.15789473684210525,227.21052631578948,0.03356804551654741,-0.017106583243922183,5.7368421052631575,0.07506449902920347,0.7452697283343265,-0.11976256910221357,90,10919.052631578947,0,1
1612191166000000000,-1.0829322470559015,335.0832926432292,103.20250829060872,127.40479448106554,1,-0.2222222222222222,251.94444444444446,0.02465641022556358,-0.010025070773230659,6.166666666666667,-0.01795832843830188,0.5901224083370633,0.14661188997949162,90,11326.833333333334,0,1
1612191167000000000,-1.0752531290054321,369.8427589818051,102.72714715254934,62.780967913175886,1,-0.05263157894736842,269.7894736842105,0.02382226886325761,-0.022076838894894247,7,-0.11455507860764076,0.44614358795316594,-0.002214371729151983,90,10848.105263157895,0,1
1612191168000000000,-1.0639475458546688,406.26084658974094,101.11464369924445,-3.949155528294413,1,-0.15789473684210525,283.3157894736842,0.023954037772981746,-0.03490955578653436,7,-0.11565799697449333,0.3396887936090168,0.15441465323429407,90,11389.578947368422,0,1
1612191169000000000,-1.0547547277651335,444.7561838250411,98.58397754869964,-72.25470552946392,1,0.05263157894736842,293.2631578947368,0.023808050900697708,-0.03757239015478837,7.368421052631579,0.09828221811422784,0.20056316570231789,-0.017835001774074044,90,11294.894736842105,0,1
1612191170000000000,-1.0598154632668746,485.47907136615953,96.69411950362355,-144.43268665514495,1,0,300.5263157894737,0.024735055373687493,-0.02237127329173841,8,0.1722465024182671,0.1808332212661442,-0.00027293863853341654,90,10731.105263157895,0,1
1612191171000000000,-1.0571761319511814,527.4922662032278,96.31046937641345,-219.13081038625617,1,0,305.8421052631579,0.026239439649017232,-0.008528477267215126,8,0.08630924637576468,0.11971787520145115,0.005972662968193426,90,10919.421052631578,0,1
1612191172000000000,-1.0666601657867432,565.8939683702257,96.48732079399957,-287.6272481282552,0,0.3333333333333333,236.27777777777777,0.025395163438386388,-0.017082108391655818,7,-0.1013298850092623,-3.744983355204264,-0.1791557501742823,90,9353.944444444445,0.9629370801978641,1
1612191173000000000,-1.367386962238111,587.0689633018092,96.07595544112355,-333.6803235505757,0,1,143.78947368421052,0.010835099361812402,-0.021458537955033153,4.315789473684211,-0.034325934823994576,-1.4220745720361407,-2.3589324135529366,90,8420.105263157895,0.5448147851091466,1
1612191174000000000,-2.0044293138715954,584.0950181749132,95.33211856418185,-368.32487148708765,0.398045861058765,1,126.55555555555556,0.015901987596104544,-0.008410632610321045,4,0.11809667104130818,0.2587270112190809,-2.3923946685261197,90,8070.722222222223,0,1
1612191175000000000,-2.643481505544562,559.5696346885279,94.82774112099095,-393.6813595420436,0.987321348566758,0.7894736842105263,140.52631578947367,0.016805466411537247,0.006054131608260305,4,-0.035666446373062696,0.5926230047878466,-2.1288798702390572,90,8954.421052631578,0,1
1612191176000000000,-3.0362483739852903,517.4594924926757,93.83965644836425,-405.37098388671876,1,0.6,173.8,0.017405500076711176,0.014926087856292725,4.1,0.043440887704491615,1.1492054522037507,-1.2259224310517312,90,10859.4,0,1
1612191177000000000,2.786740395757887,464.40793863932294,92.7749981350369,-406.7344852023655,1,0.2222222222222222,210.94444444444446,0.024253235922919378,0.024350762367248535,5.222222222222222,0.01810430735349655,0.9693037072817484,-0.17703274549502465,90,11083.833333333334,0,1
1612191178000000000,3.101410564623381,402.84757272820724,91.76604863217003,-405.33836605674344,1,0.05263157894736842,239.42105263157896,-0.012426442197082858,-0.011946339356271844,6,0.08208922237942093,0.7171570219491658,-0.15784465227472155,90,11003.842105263158,0,1
1612191179000000000,3.0997377445823266,332.9601793791118,91.20414091411389,-402.3638626901727,1,0,260.4736842105263,-0.030171582083168783,-0.03005738007394891,6.631578947368421,0.04744529077096989,0.5270505327927438,0.008665675867201858,90,11015.736842105263,0,1
1612191180000000000,3.1005037583802877,258.25978971782484,91.10468613473992,-399.2774545769942,1,0,277.4736842105263,-0.027238136745597188,-0.02724023241745798,7,0.005655514702850364,0.4444844142386788,0.0056557592592741315,90,11155.315789473685,0,1
1612191181000000000,3.0978589559856213,177.52866162751852,91.13712511564556,-395.89108115748354,1,0.05263157894736842,291,-0.023770537619528017,-0.023822414247613204,7.2105263157894735,-0.009476145582371637,0.31368080859905795,-0.03016995759925952,90,11418.21052631579,0,1
1612191182000000000,3.0903303490744696,93.25130229526096,91.18818622165256,-392.06830003526477,1,0.16666666666666666,300.8888888888889,-0.016296736275156338,-0.016339282194773357,8,-0.024928263070250978,0.2567756705813938,-0.14858185298119983,90,10747.611111111111,0,2
1612191183000000000,3.090521391700296,10.995985529002022,91.20145820168888,-387.5486522001379,1,-0.29411764705882354,308.47058823529414,-0.013918562244404764,-0.013950586318969727,8,0.006691124838064699,0.1931040909360437,0.2311948861050255,90,11018.529411764706,0,2
1612191184000000000,3.1053523355060153,-75.02372656928168,91.18545574612088,-383.9222649468316,1,0,314.3333333333333,-0.015929549673779145,-0.01592197020848592,8,0.027617523666574724,0.1447429143720203,0.016393891781465046,90,11225.111111111111,0,2
1612191185000000000,3.1022549205356174,-163.70740381876627,91.08773634168837,-380.6299794514974,1,0,318.72222222222223,-0.022956716621087656,-0.022968173027038574,8,-0.01610217577156921,0.10509573088751899,-0.03959432156342599,90,11380.666666666666,0,2
1612191186000000000,3.1014987760119967,-254.18026733398438,91.27727211846246,-377.0123935275608,1,0,321.94444444444446,-0.023781537388761837,-0.02401153908835517,8,0.04412571961681048,0.074197626983126,0.0029333237164084697,90,11492.611111111111,0,2
1612191187000000000,3.1040380398432412,-344.11996120876734,92.0053579542372,-373.5008544921875,1,-0.05555555555555555,324,-0.023203417451845273,-0.023562762472364638,8,0.00046309373444981046,0.05100321376489268,0.033321289772478245,90,11566.777777777777,0,2
1612191188000000000,3.1061942974726358,-432.16788397894965,92.81620661417644,-370.2796986897786,0.9444444444444444,-0.1111111111111111,325,-0.019051187684656017,-0.019434584511650935,8,0.07769295547364487,-0.20891942953070006,0.05558951440939887,90,11595.833333333334,0.05555555555555555,2
1612191189000000000,3.113084818187513,-514.5609468158923,93.78738483629729,-367.6453423751028,0,0.10526315789473684,240.57894736842104,0.021006279919100434,0.020761878866898387,7.052631578947368,0.06688609033038742,-3.7548511028289795,-0.036772665849543716,90,9453.421052631578,0.9994188358909205,2
1612191190000000000,2.860905488332113,-566.9053378634983,94.26399612426758,-363.348875257704,0,1,142.38888888888889,0.018614881568484835,0.019095215532514784,4.333333333333333,-0.06335865253479117,-1.5935018261273701,-2.1511909431881375,90,8310.611111111111,1,2
1612191191000000000,2.2073115242852106,-593.6620924207899,94.01359303792317,-347.12454562717016,0,1,103.66666666666667,0.024764736959089834,0.021189391613006592,2.8333333333333335,0.09976724286874135,-0.7804453372955322,-2.2554244001706443,90,8311.166666666666,0.127004983718507,2
1612191192000000000,1.3482399927942377,-599.7151746247944,93.90742412366365,-323.7758901495683,0.18746092444971987,1,81.42105263157895,0.023282322076786505,0.006070475829275031,2,-0.08095190272127327,-0.2569042439817598,-1.8553674362207715,90,7990.894736842105,0,2
1612191193000000000,0.72643757197592,-587.9628974066841,93.33827124701605,-305.2915208604601,0.5507164531283908,0.3333333333333333,86.94444444444444,0.021044410299509764,0.006261494424608018,2,0.0545487590910246,0.7188549058304893,-0.7147514419242119,90,8726.055555555555,0,2
1612191194000000000,0.7432716290156046,-566.0967610677084,92.6895734998915,-287.19328138563367,0.9444412125481499,-0.7222222222222222,117.77777777777777,-0.0104700950485292,0.016270895799001057,2.388888888888889,0.2631527191131479,0.8006480570054717,1.1125568659562204,90,10809.777777777777,0,2
1612191195000000000,1.3185685622064691,-547.684371145148,92.79577596564042,-257.94548757452714,0.917543257537641,-1,133.78947368421052,-0.0007608578858995124,-0.01172454733597605,3,0.10462851783162669,0.43937465626942485,2.5475353943674186,90,10872.684210526315,0,2
1612191196000000000,1.838656140698327,-549.0625406901041,93.456116994222,-219.7612830268012,0.9540822903315226,-0.3333333333333333,149.83333333333334,-0.014299279130581353,-0.025659554534488253,3.5555555555555554,0.2269536484576141,0.7464393923679987,1.1831460832100775,90,10784.222222222223,0,2
1612191197000000000,1.828878853056166,-562.5875108506945,94.76444541083441,-177.33508978949652,0.7004457546605004,0.7777777777777778,173.88888888888889,-0.006051641500865419,-0.036233352290259466,4,-0.024649829991782706,0.254763651225302,-1.4708443792899035,90,10981.5,0,2
1612191198000000000,1.2707297300037586,-564.6274317691201,96.33722365529914,-132.70225685521177,0,1,145.47368421052633,0.021686276224882978,-0.03195694873207494,4,-0.012407482846787101,-1.3635736139197099,-2.6543976507688822,90,8929.526315789473,0.9400590909154791,2
1612191199000000000,0.6455015947944239,-547.8758095189145,97.04728056255139,-104.50686163651316,0.05605655594875938,1,96.94736842105263,0.02629755209445169,-0.02411218065964548,2.473684210526316,-0.12901288761120094,-0.9081716159064519,-1.8260244915359898,90,8145.315789473684,0.5263157894736842,2
1612191200000000000,-0.03310103587021953,-524.895109477796,96.80959560996608,-96.93851631566098,0.48779093905499105,1,92.21052631578948,0.024804618307634405,-0.02558036854392604,2,0.028440929753215688,0.3847911058876075,-1.7592942918601788,90,9253.105263157895,0,2
1612191201000000000,-0.6575040800703896,-504.0871225992839,96.1877818637424,-103.7779918246799,0.755948954158359,0.1111111111111111,43.333333333333336,0.026728002742553752,-0.04461051358116998,1.4444444444444444,0.1683231782582071,-1.201133972240819,-0.5974831045087841,90,9180.388888888889,0,2
1612191202000000000,-0.46983421345551807,-501.6998986138238,96.022765689426,-106.40233188205295,0.6111111111111112,0.3888888888888889,3.0555555555555554,0.03436664419455661,-0.046353691154056124,1,0.0017757792827776736,-0.1208030457297961,0.10434646066278219,90,12600.111111111111,0,2
1612191203000000000,-0.37144944071769714,-501.65866410104854,96.00785988255551,-106.71441288998253,0,0,0,0.035233272925803534,-0.04417633382897628,1,-0.0002405892009846866,0.0070114794285281706,-0.0035889149968218255,90,6416.789473684211,0,2
1612191204000000000,-0.37056481053954676,-501.66536993729443,96.00815662584807,-106.71353470651727,0,0,0,0.03520260045402929,-0.04422194706766229,1,0.0004175716828620735,0.0026757909976080746,0.0022063328406626455,90,3532.157894736842,0,2
1612191205000000000,-0.7819815858414298,-45.96622828433388,100.23537244294819,81.11119802374589,0.5526315789473685,0.08131623601442889,127,0.028684939502885465,-0.02967431670741031,3.5789473684210527,-0.024081722051050747,0.37085691364125906,-0.12426555821806878,90,7888.210526315789,0,2
1612191206000000000,-1.0741598804791768,309.8502943250868,103.10523096720378,172.2667524549696,1,-0.0007773706100932839,240.83333333333334,0.024130522170000605,-0.010834137598673502,6,0.07066340422413002,0.7040296329392327,0.048033860330987305,90,11067.888888888889,0,2
1612191207000000000,-1.0719262692663405,342.88475036621094,103.16389804416232,111.41368272569444,1,-0.0014756627982327093,261.44444444444446,0.02451217733323574,-0.013087358739640977,6.666666666666667,-0.1299965134207418,0.5212514085902108,0.03915436493439807,90,11005.833333333334,0,2
1612191208000000000,-1.0659384978444952,379.2981615568462,102.40193537661904,45.07785390552721,1,-0.0007702802816454909,277.4736842105263,0.02410811558365822,-0.026056364962929172,7,-0.11162990998280675,0.3971923495593824,0.03098477680223847,90,11158.684210526315,0,2
1612191209000000000,-1.0657199934909218,417.6513463070518,100.4096948724044,-24.17585773844468,1,6.773910028737431E-05,289.63157894736844,0.023437961347793277,-0.03805050097013775,7,-0.1091588431920268,0.29199240239042984,-0.013774699078088528,90,11641.473684210527,0,2
1612191210000000000,-1.0660264931227033,456.67666304738896,97.82395493356805,-94.76538467407227,1,-0.10526315789473684,297.6842105263158,0.023787050655013638,-0.03335233111130564,7.947368421052632,0.17979215276672653,0.16447828553224864,0.0293153556979776,90,10699.473684210527,0,2
1612191211000000000,-1.05676849020852,496.7155575222439,96.39338641696506,-166.65721978081598,1,-0.1111111111111111,303.94444444444446,0.026103164276315108,-0.018147839440239802,8,0.14064143833497333,0.1465949391325315,0.11299005955354208,90,10853.333333333334,0,2
1612191212000000000,-1.0567132234573364,538.3673481188322,96.37563123201069,-239.9470977783203,0.6842105263157895,0.10526315789473684,300.63157894736844,0.02610843795302667,-0.00912962461772718,8,0.013916483700373456,-1.2386376124463583,-0.09304877622114298,90,10701.21052631579,0.31575564020558405,2
1612191213000000000,-1.1029267185612728,574.0457249691611,96.39438107139186,-304.2232216282895,0,0.5789473684210527,199.78947368421052,0.020476136405609156,-0.017773220413609556,6.105263157894737,-0.06631613169845782,-2.860095657800373,-0.9495619886377091,90,8924.105263157895,0.9484610055622301,2
1612191214000000000,-1.603416122888264,587.2174489874589,95.79999341462788,-346.1256167763158,0.006300311339528937,1,131.68421052631578,0.004549055384766115,-0.025455280354148464,4,-0.019463155369617437,-0.9503774188066784,-2.4918924256374964,90,8130.894736842105,0.3269360853653205,2
1612191215000000000,-2.2589530415005155,576.3507656521267,95.10493342081706,-377.1901279025608,0.44662611020935905,1,123.05555555555556,0.018696656948628113,0.0016097227732340496,4,0.08574572045149075,0.372264234142171,-2.358705633216434,90,7915.277777777777,0,2
1612191216000000000,-2.8612754106521607,546.3318084716797,94.46471557617187,-395.65775909423826,0.8717319935560226,0.8,143.2,0.013943196041509509,0.007061272859573364,4,-0.007204070838633924,0.9116988897323608,-1.8459340572357177,90,9171.35,0,2
1612191217000000000,-3.1090563472948576,501.2605574758429,93.3520054064299,-400.89189228258635,1,0,183,0.022466314025223255,0.021748649446587814,4.368421052631579,0.04614876345486233,1.1819127656911548,-0.3355633550274529,90,10938.157894736842,0,2
1612191218000000000,-3.1235481688850806,444.5743970369038,92.35085136012027,-402.2843419125206,1,0.2631578947368421,219.89473684210526,0.016523975499072356,0.01627231899060701,5.526315789473684,0.03310298243243443,0.8795596831723264,-0.15916617517359555,90,10988.78947368421,0,2
1612191219000000000,3.126431465148926,380.21135796440973,91.5415161980523,-402.31390211317273,1,0.1111111111111111,246.38888888888889,-0.02329145734094911,-0.023170173168182373,6,0.06065771871039437,0.6514267027378082,-0.12702323153841158,90,11318.555555555555,0,2
1612191220000000000,3.112596687517668,310.3840026855469,91.16349672016345,-400.8405456542969,1,0.21052631578947367,264.7894736842105,-0.03157101414705578,-0.031545933924223245,6.894736842105263,0.0243114463519305,0.4738873823692924,-0.1474365619452376,90,10806.368421052632,0,2
1612191221000000000,3.0982003588425484,233.39833550704154,91.11009497391551,-398.0269470214844,1,0.10526315789473684,280.1578947368421,-0.02577227001127444,-0.025806282695971038,7,0.0029159328459124815,0.4004355433740114,-0.08658666882394372,90,11265.157894736842,0,2
1612191222000000000,3.0904078748491077,152.30006196763782,91.16904703776042,-394.2022196451823,1,-0.05555555555555555,292.8333333333333,-0.022027781129711203,-0.02208395799001058,7.333333333333333,-0.008952881261292431,0.2553132548928261,-0.019369029611374974,90,11326.555555555555,0,2
1612191223000000000,3.094073176383972,69.88879670037164,91.20786709255643,-390.06873914930554,1,-0.05555555555555555,302,-0.014280159854226641,-0.014314240879482694,8,-0.015638365927669737,0.24795545472039116,0.056472029549897544,90,10790.166666666666,0,2
1612191224000000000,3.1001444003161263,-14.233984070665697,91.19903205422794,-386.3284481272978,1,0,309.52941176470586,-0.01460469442912761,-0.014623536783106187,8,0.028084463604232845,0.18487602647613077,0.008098339278470068,90,11056,0,2
1612191225000000000,3.0993097832328393,-100.4852708515368,91.16222783138878,-382.71540109734786,1,-0.05263157894736842,315.1578947368421,-0.017846868177385705,-0.017819643020629883,8,-0.013392254710197449,0.13514224557500137,0.0195705478177651,90,11254.263157894737,0,2
1612191226000000000,3.1012629535463123,-189.15794796413846,91.10576587253146,-379.07572089301215,1,-0.1111111111111111,319.3333333333333,-0.022930377887354955,-0.022983829180399578,8,0.003517497175683578,0.09972883305615848,0.03214260342550309,90,11399.777777777777,0,2
1612191227000000000,3.110119418094033,-280.4214461477179,91.45522750051398,-375.81380743729443,1,0,322.2631578947368,-0.024528109713604574,-0.02478059969450298,8,0.060593169770742715,0.06858939893151585,0.03907885203462731,90,11505,0,2
1612191228000000000,3.1081038316090903,-368.46551513671875,92.21455001831055,-373.02786593967016,1,0.05555555555555555,324.3333333333333,-0.02362898002482123,-0.02394458320405748,8,-0.001151840202510357,0.04883352956838078,-0.05928453001090222,90,11574.888888888889,0,2
1612191229000000000,3.1040799617767334,-457.9776441786024,93.09964667426215,-369.7916242811415,0.6111111111111112,0,315.6111111111111,-0.008017454968972338,-0.008444984753926596,8,0.03278737859283057,-1.615515222048594,0.011890490306541324,90,11227.555555555555,0.3888888888888889,2
1612191230000000000,3.1043640640046863,-532.1370256212023,93.97666719224718,-367.0675065782335,0,0.2777777777777778,203.27777777777777,0.0235368310370379,0.023248659239874944,6.222222222222222,-0.05063934934635957,-3.3202421334054737,-0.15684037598677808,90,8963.166666666666,0.9995801217026181,2
1612191231000000000,2.760744333267212,-574.9842834472656,94.29470274183485,-361.702146742079,0,1,122.66666666666667,0.0183231877680454,0.020257612069447834,3.611111111111111,-0.04973224320241974,-1.2851001123587291,-2.244403064250946,90,8203.555555555555,0.7628363948186032,2
1612191232000000000,2.0295489336314954,-596.2630647358142,93.9846853958933,-344.175148411801,0.041119939402530066,1,90,0.02678725623378628,0.018554135372764187,2.473684210526316,0.08781439075736623,-0.6091251098795941,-2.2063082958522595,90,7900.684210526316,0.0450235986603921,2
1612191233000000000,1.1421759327252705,-596.39794921875,93.77834531995985,-321.5599297417535,0.29510393076472813,1,84.27777777777777,0.013332903360909162,0.013725413216484917,2,-0.06262850854545832,0.15556590548819965,-1.9353045887417264,90,8426.055555555555,0,2
1612191234000000000,0.6737570067246755,-579.5333726671007,93.10749053955078,-303.4572499593099,0.8033503393332163,-0.4444444444444444,101.55555555555556,-0.0047838880046684705,0.018851505385504827,2,0.09826003011807592,0.9648010830084482,0.05829439643356535,90,10116.5,0,2
1612191235000000000,1.0259281529320612,-557.7491183810764,92.62939368353949,-279.82930840386285,0.9723407526810964,-1,132.66666666666666,-0.007872060390784301,0.006845315297444661,2.9444444444444446,0.11440163413580093,0.5347343898481793,2.130036426915063,90,10980.666666666666,0,2
1612191236000000000,1.6421713497903612,-549.3684658474392,93.02052179972331,-243.56661478678384,0.9978503055042691,-0.8333333333333334,145.61111111111111,0.008280758312644644,-0.015860471460554335,3.2222222222222223,-0.017641049085391894,0.584168372882737,2.043556272983551,90,11321.166666666666,0,2
1612191237000000000,1.8723472423023648,-559.1603800455729,94.06116612752278,-200.88783179389105,1,-0.1111111111111111,178.16666666666666,0.027410802534884877,-0.02165953318277995,4.222222222222222,0.07245495970386805,1.1093467358085844,0.21972970979307624,90,10893.166666666666,0,2
1612191238000000000,1.6684367193116083,-572.2456970214844,95.84762658013238,-151.7897703382704,0.07339313957426283,1,168.33333333333334,0.016806353245758347,-0.03214165899488661,4.777777777777778,0.0034260458261188534,-1.5522856306698587,-2.2471349752611585,90,9242.611111111111,0.8586878743436601,2
1612191239000000000,1.0411593483553991,-566.8222588433159,97.08546574910481,-114.46876017252605,0,1,113.44444444444444,0.03044940075940556,-0.031337334050072566,3.388888888888889,-0.028856378307359085,-1.255612623360422,-2.2771683600213795,90,7962.555555555556,0.6703286944992013,2
1612191240000000000,0.27619409213136686,-547.3749261153372,97.2527413619192,-97.9540128205952,0.21305966063549645,1,88.10526315789474,0.026228546606082665,-0.023547128627174778,2.1052631578947367,-0.021438744899473693,-0.08793639923494898,-2.0972635181326615,90,8518.368421052632,0,2
1612191241000000000,-0.44039849309544815,-522.3103669819079,96.58991964239823,-101.86526168020148,0.6153770214632938,0.21052631578947367,103.36842105263158,0.0098897044939038,-0.02305912971496582,2.1052631578947367,-0.016381976635832535,0.8881289394278276,-0.9939140266689815,90,10233.263157894737,0,2
1612191242000000000,-0.48518113957511055,-491.2785932752821,95.39160241021051,-118.93307961357965,0.9844194187058343,-0.5555555555555556,150.16666666666666,0.006842383054188556,-0.02107936143875122,3.5555555555555554,0.00966660889227771,1.4811758597691853,0.37610600226455265,90,10729.611111111111,0,2
1612191243000000000,-0.36412738925880855,-448.5713873969184,93.82020102606879,-138.533206515842,1,-0.3888888888888889,194.83333333333334,0.002921978746599052,-0.014389574527740479,4.666666666666667,0.004998556855652068,1.1569166779518127,0.8450391127003564,90,11134.055555555555,0,2
1612191244000000000,-0.25388006269931795,-392.36893463134766,92.88764877319336,-155.97202224731444,1,-0.45,227.8,-0.021561071462929248,0.021678072214126588,5.75,0.23377322999294847,0.8242806255817413,0.6732063146308065,90,10923.35,0,2
1612191245000000000,-0.15304243799887204,-325.6264246890419,93.20044346859581,-169.67424894634047,1,-0.42105263157894735,252.21052631578948,-0.020230810746158425,0.02054656179327714,6.157894736842105,-0.02018976265466527,0.5262492299079895,0.6201047726759785,90,11343.105263157895,0,2
1612191246000000000,-0.04581767548289564,-253.8735834757487,93.22383838229709,-176.84068467881946,1,-0.16666666666666666,269.1111111111111,-0.021561709956990346,0.021587345335218642,7,-0.004037563482092487,0.4571594049533208,0.5473136919447117,90,10823.611111111111,0,2
1612191247000000000,-0.02399028620372216,-178.1607437133789,93.18161858452692,-179.12093946668836,1,0,283.94444444444446,-0.024241758613950677,0.024244407812754314,7,0.007541223894804716,0.390390502081977,-0.0004529958176943991,90,11417.055555555555,0,2
1612191248000000000,-0.04775067336029477,-98.25649070739746,93.16524971856012,-181.82978905571832,1,0.2222222222222222,295.3333333333333,-0.02487625999169217,0.024896211094326444,7.611111111111111,-0.0020105292399724326,0.2943372362189823,-0.21563843950732714,90,11060.277777777777,0,2
1612191249000000000,-0.0753609087122114,-15.184971759193822,93.19343366120991,-186.80273517809417,1,0.15789473684210525,304.3157894736842,-0.023902772582675282,0.023957766984638414,8,-0.006946751602778309,0.2281163287790198,-0.20861258298942917,90,10868.368421052632,0,2
1612191250000000000,-0.06664879042655229,71.06469049453736,93.25025749206543,-193.3275405883789,1,-0.2,311.35,-0.02155925938859582,0.021603876352310182,8,0.00717926756478846,0.1675810493528843,0.20071363408351317,90,11115.25,0,2
1612191251000000000,-0.055180471586553675,158.60236679880242,93.28519680625514,-198.5882463957134,0.5789473684210527,-0.15789473684210525,302.57894736842104,-0.022541239171435957,0.02250623075585616,8,-0.025712501541803295,-1.6381860422460657,0.11998352745936963,90,10789.157894736842,0.4107123048681962,2
1612191252000000000,0.033360259055993276,228.5879717375103,93.29518729762027,-201.3913020083779,0,-0.7368421052631579,201.1578947368421,-0.015974595824158506,0.016255403819837068,6.052631578947368,-0.02077260515407512,-2.730484573464645,1.4100386440557868,90,9015.842105263158,0.7594757958462364,2
1612191253000000000,0.5787374988198281,273.6539680480957,93.17889938354492,-190.20314712524413,0.240892693400383,-1,154.9,-0.020562796341255307,0.01425071358680725,5,0.17372775375843047,-0.15668356008827686,2.850951635837555,90,8375.25,0.017206549271941186,2
1612191254000000000,1.2175138526492648,300.13904825846356,93.85947291056316,-157.90053219265408,0.6447172164916992,-1,159.16666666666666,-0.035660040461354785,-0.011094616519080268,5,0.08636364894401696,0.36481914800565896,2.815212673611111,90,8702.444444444445,0,2
1612191255000000000,1.8057573636372883,302.825190226237,94.83758078681097,-113.38489362928603,0.9317043688562181,-1,171.61111111111111,-0.05513662948376603,-0.02783642874823676,5,0.13173114225113144,0.4331974796950817,2.7593230737580194,90,9358.055555555555,0,2
1612191256000000000,2.2740140318870545,279.442204284668,95.75971908569336,-69.89548263549804,1,-0.65,191,-0.03893354870378971,-0.04306033253669739,5,0.16275180247612298,0.9015273995697498,1.6337175577878953,90,10378.6,0,2
1612191257000000000,2.6169150503058183,235.24458152369448,97.57454882170025,-31.94518199719881,1,-0.42105263157894735,220.47368421052633,-0.013513467678996293,-0.02939989692286441,5.473684210526316,0.07216082013359196,0.6714729617692923,1.946472695783565,90,11092.526315789473,0,2
1612191258000000000,2.7034473419189453,177.90125314812911,99.89988507722553,-3.6894255751057674,1,0.3157894736842105,244.73684210526315,0.026163047620732533,0.008821594087701095,6,-0.06274540143969812,0.6252576802906237,-0.3378457942805988,90,11246.842105263158,0,2
1612191259000000000,2.346871827778063,119.17313063772102,102.16806311356395,32.465954529611686,1,1,257.8421052631579,0.024429344229008023,-0.005689909583643863,6.7894736842105265,0.0731778076457742,0.33355846844221415,-4.05057504302577,90,10764.526315789473,0,2
1612191260000000000,1.79071601441032,83.60379068475021,104.36523839047081,92.38035784269634,1,1,262.2105263157895,0.022505512461066246,-0.02060021852192126,7,0.01393388628371452,0.3636441889562105,-4.143258107335944,90,10623.105263157895,0,2
1612191261000000000,1.3011894345283508,84.64861869812012,106.00528984069824,166.1309715270996,1,0.45,270.7,0.027555705141276123,-0.02468990683555603,7,-0.025423953408608212,0.40298978984355927,-2.85805843770504,90,10909.65,0,2
1612191262000000000,1.1561841434902616,111.48152584499783,106.82150395711263,237.2421442667643,0.5,0.3333333333333333,265.6666666666667,0.03827407324893607,-0.018258763684166804,7,-0.06005335467246672,-1.640417628818088,-0.3770686405607396,90,10627.111111111111,0.44737375775973004,2
1612191263000000000,0.7871120540719283,141.32350158691406,106.67753681383635,290.4297164113898,0,1,188.78947368421052,0.024934187531471252,-0.008782631472537392,5.7368421052631575,-0.0015356105409170453,-1.561464830448753,-3.1263939455935827,90,8863.631578947368,0.8444644874390704,2
1612191264000000000,0.21399052519547312,178.7334891871402,105.99042631450452,314.17790944952714,0.10526315789473684,1,147.52631578947367,0.023264491440434205,-0.01780516222903603,4.368421052631579,0.013412575580571828,-0.5771505738559523,-2.6832829902046607,90,8694.526315789473,0.10526315789473684,2
1612191265000000000,-0.4290091214995635,217.57928386487458,105.19472664280941,310.4988676372327,0.9473684210526315,1,148.26315789473685,0.030199864487114706,-0.03317016676852578,4,0.0971445622363765,0.4580666611069127,-2.663137072011044,90,9424.684210526315,0,2
1612191266000000000,-1.0026587781153227,249.6087750886616,104.42555317125823,281.50119661030016,1,0.47368421052631576,164.94736842105263,0.03086772345398602,-0.03354280873348838,4,0.01049321076195491,0.6895236780768946,-1.6968053399928307,90,10486.315789473685,0,2
1612191267000000000,-1.1041510833634272,273.43855455186633,103.51206164889865,236.23895263671875,1,-0.2222222222222222,199,0.024785289437406592,-0.02185544702741835,4.777777777777778,0.06552748545072973,1.0790479944811926,0.1294213970605698,90,11213.666666666666,0,2
1612191268000000000,-1.0861878269597103,301.12852076480266,103.0542261224044,182.5180021587171,1,-0.21052631578947367,231.1578947368421,0.024059195855730457,-0.012102854879278886,5.894736842105263,0.057715477274828834,0.761473724716588,0.14790308504981162,90,10878,0,2
1612191269000000000,-1.0618153183083785,333.0538474635074,103.11830861944901,123.67554313258121,1,-0.15789473684210525,254.42105263157896,0.02467324094552743,-0.010315857435527601,6.315789473684211,-0.06982639276324526,0.5542549177219993,0.1336528504769759,90,11253.578947368422,0,2
1612191270000000000,-1.0557433868709363,368.2557806717722,102.66850441380551,61.22288954885382,1,0,270.94736842105266,0.024194711623223203,-0.02226999558900532,7,-0.10236586816608906,0.436199614876195,-0.0015224943237722311,90,10899.947368421053,0,2
1612191271000000000,-1.0569280564785004,406.610888671875,101.01624069213867,-6.570228326320648,1,0,284.5,0.02344348104670644,-0.03499115705490112,7,-0.10834113480523229,0.32910584211349486,-0.014334846357814967,90,11435.45,0,2
1612191272000000000,-1.0580065382851496,445.96135796440973,98.4300914340549,-76.32337294684515,1,0,294.27777777777777,0.023780362059672672,-0.037037822935316295,7.5,0.11164950302595066,0.240731971959273,-0.0017135805012205513,90,11159.5,0,2
1612191273000000000,-1.0580693671577854,486.72662995990953,96.61499706067536,-148.69700983950966,1,-0.05263157894736842,301.2631578947368,0.02498541654724824,-0.021644479350039835,8,0.16914656993589902,0.17425229204328438,0.004689957345889477,90,10758,0,2
1612191274000000000,-1.054558899667528,528.4234941270616,96.29728910658095,-222.49407874213324,0.9444444444444444,0,306.1666666666667,0.026439499730865162,-0.00837205515967475,8,0.06498263630136433,-0.11444967902368969,0.024926969003798958,90,10926.277777777777,0.05555555555555555,2
1612191275000000000,-1.0632900132073297,566.3521830240885,96.47034708658855,-289.3544447157118,0,0.3888888888888889,233.72222222222223,0.02313653922950228,-0.016415417194366455,6.944444444444445,-0.10036480506985551,-3.5861777199639215,-0.4289995485321722,90,9308.5,0.971239748928282,2
1612191276000000000,-1.464514644522416,585.9919594212582,95.99516376696135,-336.5075025056538,0,1,146.94736842105263,0.008227398637437114,-0.02250845181314569,4.368421052631579,-0.05817240932466168,-1.2715466038176888,-2.5997424125671387,90,8548.473684210527,0.5698616389479292,2
1612191277000000000,-2.0803622007369995,580.2923461914063,95.2198471069336,-371.2193115234375,0.3243958741426468,1,120.2,0.004025458788964898,-0.009493803977966309,3.35,0.08022716003470123,-0.053376933000981806,-2.1149257361888885,90,8877.2,0.04284027144312859,2
1612191278000000000,-2.7273645651967904,555.0508005242599,94.69740696957237,-393.94828073601974,0.6960049020616632,0.7368421052631579,134.21052631578948,0.014789164311399585,0.005413620095503957,3,-0.025891503098567848,0.6271237464327561,-2.1768331841418616,90,10982.157894736842,0,2
1612191279000000000,-3.0213274579299125,514.7922716642681,93.72115125154194,-402.84791002775495,1,0.42105263157894735,169.1578947368421,0.021789599013955968,0.01902843149084794,4,0.04540952893072053,1.2616945826693584,-0.40605472871347476,90,10879,0,2
1612191280000000000,-2.0611537165111966,462.3839619954427,92.74296273125543,-406.9206797281901,1,0.4444444444444444,209.61111111111111,0.022604192193183634,0.022068361441294353,5.166666666666667,0.01120927249495354,0.9981136057111952,-0.5716577031546168,90,11056.555555555555,0,2
1612191281000000000,3.1083423840372184,399.4071125231291,91.70303384881271,-406.4700991981908,1,0.2631578947368421,239.05263157894737,-0.01552454867449246,-0.01514111694536711,6,0.06743006269128896,0.720892492093538,-0.21767901089103697,90,10984.894736842105,0,2
1612191282000000000,3.09926520453559,330.3187781439887,91.15089416503906,-403.69524468315973,1,0,259.94444444444446,-0.030195170392592747,-0.030089212788475886,6.611111111111111,0.07179866710470782,0.515633707245191,0.003168689769356408,90,11023.444444444445,0,2
1612191283000000000,3.100009453924079,256.372882240697,91.06674836811267,-400.6025695800781,1,0.05263157894736842,276,-0.027269728873905382,-0.027289070581134996,7,0.0043890769838502534,0.4310063782491182,0.002879498318131817,90,11098.421052631578,0,2
1612191284000000000,3.097384068701002,175.97133297390408,91.10729132758246,-397.1747792561849,1,0,290,-0.023472412799795467,-0.023527456654442683,7.111111111111111,-0.001411596455404328,0.33518070893155205,-0.013745913199575929,90,11533.777777777777,0,2
1612191285000000000,3.097663640975952,133.5148468017578,91.14311218261719,-395.3024597167969,1,0,295,-0.019216934219002724,-0.01927351951599121,8,0.032312601804733276,0.303856760263443,0.007905597798526287,90,10541,0,2
1612191285000000000,3.0975186965044808,91.55596542358398,91.16641594381893,-393.46917724609375,1,0.11764705882352941,300,-0.015565047697985874,-0.015605456688824822,8,-0.007983394076719004,0.26449692599913655,-0.04125138392213129,90,10716.470588235294,0,3
1612191286000000000,3.0885044733683267,10.752990947829353,91.17140536838107,-389.5501895480686,1,0,307.8333333333333,-0.015338227515005402,-0.015376183721754286,8,0.0200474028081064,0.1998474895954132,-0.042960819523108915,90,10992.055555555555,0,3
1612191287000000000,3.0899225034211812,-75.26069540726512,91.16778524298417,-385.01453118575245,1,-0.05263157894736842,313.8421052631579,-0.015741370765394287,-0.015729502627724094,8,0.035718571713292284,0.14937899771489596,0.025966352467596727,90,11206.473684210527,0,3
1612191288000000000,3.0962794489330716,-163.5402628580729,91.0872934129503,-380.66820441351996,1,-0.16666666666666666,318.3333333333333,-0.022194311022758484,-0.02220736609564887,8,0.00038388205899132625,0.10832832877834637,0.09045983448029599,90,11365.833333333334,0,3
1612191289000000000,3.103694756825765,-250.40685272216797,91.25648244222005,-377.09107971191406,1,-0.05555555555555555,321.5,-0.02358110963056485,-0.02377743853463067,8,0.03410098163617982,0.07735789650016361,0.030278977795710996,90,11478.055555555555,0,3
1612191290000000000,3.1052087733620093,-341.11200593647203,91.97492218017578,-373.7560264185855,1,0,323.6842105263158,-0.023537026816292814,-0.023882878454107987,8,-0.02837260745735349,0.05254697270299259,0.0018829800445880544,90,11556.473684210527,0,3
1612191291000000000,3.105122290159527,-431.1863306949013,92.80275806627776,-370.4854254471628,0.9473684210526315,0,324.8421052631579,-0.01944720548406047,-0.019837442197297748,8,0.08010595634971794,-0.19224742868621097,0.0028601835273500335,90,11589.315789473685,0.05263157894736842,3
1612191292000000000,3.1069617647873726,-514.9868694104647,93.78804618433902,-367.4876339561061,0,0.05263157894736842,239.68421052631578,0.020700306386539812,0.020413524226138468,7.052631578947368,-0.0025066705910783064,-3.92571570998744,0.0014957928123246682,90,9445.526315789473,0.9883854702899331,3
1612191293000000000,2.8975978598875156,-565.227585736443,94.26170483757468,-363.7537249396829,0,1,136.05882352941177,0.019140512956415907,0.01928870116963106,4.176470588235294,-0.05629759128479397,-1.7331326288335465,-1.9202352516791399,90,8238.235294117647,0.9155644327402115,3
1612191294000000000,2.2213738905756095,-590.7900101511102,94.0423768696032,-349.5743857935855,0,1,90.10526315789474,-0.00344825270095546,0.010944661341215434,2.263157894736842,-0.13087583298941977,-0.8863561961211657,-1.7397431025379582,90,7791.9473684210525,0.473736842107763,3
1612191295000000000,1.470020638571845,-597.4459262424045,93.84524832831488,-329.9297332763672,0.20521017246776158,1,71.55555555555556,0.02806922162158622,0.005045043097601997,2,0.01923291643793669,-0.10641538186205758,-1.8520270023081038,90,7041.666666666667,0,3
1612191296000000000,0.7261304761234083,-586.385163959704,93.39864630448191,-312.6976719906456,0.6251361213232342,0.15789473684210525,84.78947368421052,0.005775202372062363,0.014718356885408101,2,0.015035241842269897,0.7877394545235132,-0.6863458215406066,90,8499.21052631579,0,3
1612191297000000000,0.8336780899100833,-564.7368672688802,92.8094499376085,-293.33098687065973,0.9253625373045603,-0.8888888888888888,122.61111111111111,-0.009483746194746345,0.014983057975769043,2.5555555555555554,0.048297266165415444,1.0751814792553585,1.2544469436009724,90,10901.333333333334,0,3
1612191298000000000,1.3495666119787428,-547.3712734646267,92.78045569525824,-261.01334889729816,0.9098994235197703,-1,148.27777777777777,-0.00261841780431698,-0.008667919370863173,3.611111111111111,0.04487175473736392,0.4464406669139862,2.5950994888941445,90,10496.111111111111,0,3
1612191299000000000,1.8456550571653578,-549.6068488226997,93.44887754652235,-219.9927690294054,0.999708827998903,-0.3333333333333333,163.44444444444446,-0.003984993181398345,-0.02283730109532674,4,0.09906242601573467,0.8565976108527846,1.1800666509661824,90,10381.388888888889,0,3
1612191300000000000,1.8636029958724976,-565.1731053402549,94.99634873239617,-172.001758776213,0.4585879601930317,0.5263157894736842,183.3684210526316,0.007996696010722141,-0.032575086543434544,4.7368421052631575,-0.0840553150904414,-0.4898956880144971,-0.8340894113245764,90,10340.947368421053,0.2859955790795778,3
1612191301000000000,1.3793810341093276,-571.4315253363716,96.73746236165364,-126.7123171488444,0,1,135.38888888888889,0.020789448378814593,-0.034121202097998724,4.055555555555555,-0.0036962243417898812,-1.4496668378512065,-2.5357363886303372,90,8239.388888888889,0.9887575374709235,3
1612191302000000000,0.701098256640964,-558.0683661566841,97.41266844007704,-100.03412924872504,0.05273751086658902,1,95.72222222222223,0.03269171859655115,-0.028048846456739638,2.6666666666666665,-0.0379172470420599,-0.6268330100509856,-2.1861571272214255,90,8076.222222222223,0.07149338349699974,3
1612191303000000000,-0.07893338178594907,-535.0120646158854,97.160642835829,-92.95432620578342,0.4705789354112413,1,93.44444444444444,0.024710256658080552,-0.02733265029059516,2,0.008749575354158878,0.2713813592369358,-1.9001836213800642,90,9362.166666666666,0,3
1612191304000000000,-0.5188484291235606,-508.5832061767578,96.26074812147353,-103.18664169311523,0.8455930054187775,-0.1111111111111111,116.11111111111111,0.03116074561451872,-0.04415002134111193,2.3333333333333335,0.018664279642204445,0.880440946875347,-0.1250273295574718,90,10798.166666666666,0,3
1612191305000000000,-0.42763009170691174,-475.9641927083333,94.97018602159288,-120.16804546780057,0.9683654440773858,-0.3888888888888889,149.16666666666666,0.028218243478073016,-0.039971517191992864,3.4444444444444446,-0.04491768120270637,1.0104764037662082,0.37181350506014293,90,10951.722222222223,0,3
1612191306000000000,-0.3596479362911648,-434.1355285644531,93.46743689643012,-137.3057378133138,0.8505081269476149,-0.2777777777777778,177.77777777777777,0.023478945717215538,-0.03377019034491645,4.111111111111111,0.0962008740235534,0.5248248127496077,0.18077872165789208,90,11315.277777777777,0,3
1612191307000000000,-0.28689692522350113,-385.3930182206003,92.83902338931435,-153.96011513157896,0.9483663533863268,-0.3684210526315789,198.10526315789474,-0.010416896926471964,0.012017526124653063,5,0.30784264553987767,0.8855995629963122,0.5791355826352772,90,10745.578947368422,0,3
1612191308000000000,-0.1919030264804238,-327.2982611405222,93.17892134817023,-168.35126133968956,1,-0.5263157894736842,229.68421052631578,-0.018622102166869138,0.019080889852423417,5.842105263157895,-0.03513543704818738,0.8185275824446427,0.9558698548690269,90,10851.368421052632,0,3
1612191309000000000,-0.06338244904246595,-260.2375089857313,93.22433217366536,-176.3273162841797,1,0,254.55555555555554,-0.02278638703541623,0.02277995480431451,6.333333333333333,0.023312854593516223,0.6243814958466424,0.24488592986017466,90,11234.111111111111,0,3
1612191310000000000,-0.059122252795431346,-187.30599382188586,93.2331428527832,-180.76528930664062,1,-0.1111111111111111,273.22222222222223,-0.02417189876238505,0.024196916156344943,7,-0.014229388416020406,0.4784627854824066,0.0398711702049089,90,10990.277777777777,0,3
1612191311000000000,-0.048056330531835556,-109.52463743421767,93.25139024522569,-184.9965125189887,1,0,287.77777777777777,-0.02277743795679675,0.02279092205895318,7,0.02536626486107707,0.3576068580150604,0.08345308470436269,90,11570.333333333334,0,3
1612191312000000000,-0.049052204348539054,-27.336617018047132,93.25689898039165,-188.8263975444593,1,0.10526315789473684,298.2105263157895,-0.024652385201893355,0.024676661742360967,7.894736842105263,-0.028806111922389584,0.22625254173027842,-0.08275657436981994,90,10788.315789473685,0,3
1612191313000000000,-0.05253587756305933,57.121635818481444,93.26208534240723,-193.18819427490234,1,0,306.7,-0.022067063953727484,0.022094494104385375,8,-0.0015415145200677216,0.20924935340881348,0.006230592034989968,90,10954.35,0,3
1612191314000000000,-0.05015959237751208,143.71580264442846,93.2765161614669,-197.6493586490029,0.7894736842105263,-0.05263157894736842,308.63157894736844,-0.02281845115909451,0.022810584620425577,8,0.012324902229011059,-0.7628807966646395,0.029955440409187423,90,11000.368421052632,0.2103383509736312,3
1612191315000000000,-0.022945936328094257,218.50796187551398,93.29869440982216,-201.17345227693258,0,-0.5263157894736842,218.47368421052633,-0.018779189325869083,0.018736858116952998,6.578947368421052,-0.029426955887557643,-3.097725033760071,0.7602061970698598,90,9159.052631578947,0.8046303736536127,3
1612191316000000000,0.44817628562450407,267.26862411499025,93.19856147766113,-194.6314796447754,0.39080943167209625,-1,152.9,-0.017697378201410173,0.015163213014602661,4.4,0.11569402837194502,-0.5026372887194157,2.7652607560157776,90,9008.65,0.21566389352083207,3
1612191317000000000,1.086742783847608,297.63373927066203,93.70723162199322,-166.0192043906764,0.7435232275410703,-1,159.47368421052633,-0.03309658336404123,-0.006188179317273591,4,0.17116905841976404,0.42901194566174555,2.8516756233416105,90,10158.052631578947,0.002564560818044763,3
1612191318000000000,1.693478785063091,305.9679099635074,94.77019018875926,-122.62597937332957,0.6679769817151522,-1,161.47368421052633,-0.052052236701312815,-0.021583274791115208,4,0.08632465402938817,0.03012372989599642,2.5531247226815474,90,10251.947368421053,0,3
1612191319000000000,2.2320300473107233,289.8921610514323,95.44375864664714,-82.25335778130426,0.9885125690036349,-0.6666666666666666,168.88888888888889,-0.04493112882806195,-0.038325899177127414,4,0.15067341313179997,0.5805641238564729,2.207809857196278,90,10726.388888888889,0,3
1612191320000000000,2.4557907700538637,253.556404876709,96.6883502960205,-46.8823522567749,1,-0.7,200.75,-0.0314383584074676,-0.04528964757919311,4.8,0.1274337688460946,1.0234686881303787,1.0579004037193953,90,11229.05,0,3
1612191321000000000,2.7394446322792456,202.19865979646383,98.95807326467414,-15.719976224397358,1,0,227.94736842105263,0.014145469009618912,-0.0022915037054764597,5.947368421052632,-0.024692406338688574,0.6394607118870083,1.1788084941769117,90,10610.894736842105,0,3
1612191322000000000,2.571777657458657,142.83258899889495,101.24782883493523,11.358830756262728,0.9473684210526315,1,246.21052631578948,0.02674532485635657,0.00564998701999062,6,0.01794339229940976,0.2512621361958353,-3.045951967176638,90,11339.368421052632,0.00892783544565502,3
1612191323000000000,2.0013175010681152,96.60885658264161,103.36242790222168,60.94522476196289,0.95,0.85,251.1,0.02482308018952608,-0.015200483798980712,6,0.10782827277434989,0.4028336241841316,-3.975730133056641,90,11614.5,0,3
1612191324000000000,1.5864924722247653,81.31469980875652,105.1878899468316,127.83992555406358,0.802538275718689,0.5,254.88888888888889,-0.0029543948670228324,-0.024590479003058538,6.277777777777778,-0.15884591307904986,0.2794956401404407,-1.770690980884764,90,11333.277777777777,0,3
1612191325000000000,1.2536201728017706,88.73124293277138,106.77703214946546,199.5218859220806,1,0.6842105263157895,263.7368421052632,0.024931304156780243,-0.02270614473443282,7,-0.07883488805964589,0.17188096987573723,-3.4064486905148157,90,10652.105263157895,0,3
1612191326000000000,0.8992221543663427,120.64897195916427,106.9407958984375,260.8624018618935,0.21052631578947367,0.7894736842105263,228.8421052631579,0.0325968222398507,-0.011307823030572189,6.631578947368421,0.019599126296510037,-1.9800819613431628,-1.9482682723748057,90,9562.894736842105,0.6024286650782941,3
1612191327000000000,0.41707809269428253,159.75960795084634,106.1629867553711,296.6157057020399,0,1,162.05555555555554,0.01739533407251454,-0.0066908929083082415,4.833333333333333,0.027151702019586485,-1.3733262485928006,-2.852578494283888,90,8726.055555555555,0.8560131272792609,3
1612191328000000000,-0.14897609342006035,197.1563377380371,105.1261547088623,303.5542495727539,0.08411224484443665,1,124.95,0.03314328165724874,-0.03539368510246277,4,0.13783991208765656,-0.4723232677206397,-2.2258857786655426,90,7835.05,0.0955746103078127,3
1612191329000000000,-0.7069306499079654,227.71627807617188,104.35148821379009,288.88894332082646,0.7399211933738307,0.6842105263157895,131.8421052631579,0.026329509913921356,-0.031716076951277886,4,0.038727746982323494,0.730838407027094,-1.6087901560883773,90,8429.526315789473,0,3
1612191330000000000,-0.9916230804390378,253.8821275499132,103.71217176649306,257.464118109809,1,0.2777777777777778,168.61111111111111,0.028576109661824174,-0.026004513104756672,4.055555555555555,0.03472304934014877,1.309751335117552,-0.6352818608283997,90,10615.388888888889,0,3
1612191331000000000,-1.037308510981108,281.64666748046875,103.15262764378598,211.80482322291323,1,0,209.73684210526315,0.02388233828701471,-0.017114382041128057,5.157894736842105,0.060564637564024644,0.9233692774647161,-0.003284009953571704,90,11070.631578947368,0,3
1612191332000000000,-1.0377321110831366,313.1681365966797,103.03181754218207,158.41355726453992,1,0,238.55555555555554,0.023783505169881716,-0.008656462033589682,6,0.032252884625146784,0.7091297308603922,-0.004390296772018903,90,10967.5,0,3
1612191333000000000,-1.0388983425341154,347.961226613898,103.08703332198293,99.38775996157997,1,0.10526315789473684,259.42105263157896,0.024103504262472455,-0.01457155378241288,6.578947368421052,-0.1190544709097594,0.5319861565765581,-0.039896325833213175,90,11046.894736842105,0,3
1612191334000000000,-1.056020164489746,385.81725311279297,102.16805458068848,33.99983405470848,1,0.1,275.6,0.0232643349096179,-0.027355849742889404,7,-0.12283248896128499,0.4008865520358086,-0.1347934535238892,90,11081.4,0,3
1612191335000000000,-1.06653430587367,424.5396616082442,99.99994779887952,-35.21381371899655,1,0.10526315789473684,288,0.022771738763702542,-0.038798432601125615,7,-0.07097261390452714,0.30345780284781204,-0.08629388234725124,90,11577.947368421053,0,3
1612191336000000000,-1.0684129065937467,463.03743659125433,97.5154037475586,-105.44150034586589,1,-0.1111111111111111,296.5,0.023990082347558603,-0.03108072280883789,7.833333333333333,0.16281547231806648,0.21369114228420788,0.0728591894148849,90,10844.111111111111,0,3
1612191337000000000,-1.0610128766612004,503.91965042917354,96.31331634521484,-179.1501834267064,1,-0.10526315789473684,303.05263157894734,0.025602856160778748,-0.01510012149810791,8,0.15184909105300903,0.15158185519670186,0.052320109278968484,90,10821.421052631578,0,3
1612191338000000000,-1.0524062646759882,545.3992445203993,96.424621158176,-252.70496537950305,0.5555555555555556,-0.05555555555555555,291.55555555555554,0.026681658087505236,-0.010673297776116265,7.888888888888889,-0.060383313645919166,-1.7657420585552852,0.06366725824449936,90,10481.722222222223,0.44317342506514656,3
1612191339000000000,-1.1435049308670893,577.9260796440972,96.35215716891818,-311.1080491807726,0,0.7777777777777778,187,0.018090962277104456,-0.018339991569519043,5.722222222222222,-0.07351725207020839,-2.521235167980194,-1.4814634214498155,90,8792.166666666666,0.9610044757525126,3
1612191340000000000,-1.7046647906303405,586.889208984375,95.6655372619629,-351.518376159668,0.00885627269744873,1,129.9,0.005009071913082153,-0.025021392107009887,4,-0.024115353357046843,-0.8039069145917892,-2.414664000272751,90,8060.75,0.1965827787294984,3
1612191341000000000,-2.37140837468599,572.2601960834704,95.03594769929585,-381.95026437859786,0.5177255492461356,1,126.15789473684211,0.019678063200492608,0.006323594796030145,4,0.028141293233554614,0.5163595527410507,-2.3637492782191227,90,8147.526315789473,0,3
1612191342000000000,-2.953852189214606,539.8486713610197,94.30440320466694,-397.67841379266036,0.9782413495214362,0.47368421052631576,145.89473684210526,0.01337682762134232,0.008543679588719419,4,-0.005104592768475413,0.8121585077361057,-1.5724191244593577,90,9277.21052631579,0,3
1612191343000000000,-3.072837239817569,494.3924126876028,93.22852887605366,-401.9815673828125,1,0.21052631578947367,186.3684210526316,0.025201130756422094,0.02385552305924265,4.421052631578948,0.04545925479186209,1.1573215566183392,-0.14143455788794917,90,11047.894736842105,0,3
1612191344000000000,-0.8267812603398373,436.3312474300987,92.25962387888055,-404.3800562808388,1,0.2631578947368421,222.68421052631578,0.009570530395170576,0.009560585021972656,5.578947368421052,-0.006550786477562629,0.8692446852985182,-0.5977264907407133,90,10976.473684210527,0,3
1612191345000000000,3.0983184708489313,370.33619689941406,91.45342169867621,-402.2412346733941,1,-0.1111111111111111,248.61111111111111,-0.024932037107646465,-0.024616738160451252,6,0.08695971429309186,0.6290546986791823,0.1266893219306237,90,11419.777777777777,0,3
1612191346000000000,3.1080334186553955,298.8148819772821,91.16827633506374,-399.65113589638156,1,0,266.57894736842104,-0.03061769951723124,-0.030602455139160156,7,0.024635787661138334,0.4526571882398505,0.004478692450854731,90,10721.578947368422,0,3
1612191347000000000,3.107961588435703,221.7787628173828,91.12376107109918,-397.096923828125,1,0,280.72222222222223,-0.025225874760912523,-0.025272468725840252,7,-0.005889489470670621,0.3370231373442544,-0.01765472254353679,90,11286.444444444445,0,3
1612191348000000000,3.102263569831848,158.51902389526367,91.1577714284261,-394.86653391520184,1,0.16666666666666666,289.25,-0.02304641328131159,-0.023117681344350178,7,-0.006389607675373554,0.2683449946343899,-0.08842052912950749,90,11624.25,0,3
1612191348000000000,3.099944932120187,118.5587408883231,91.18031311035156,-393.2379063197545,1,0,293.7142857142857,-0.017179260828665326,-0.01722141674586705,7.428571428571429,-0.010173819027841091,0.2930465361901692,0.004348101152572781,90,11311,0,4
1612191349000000000,3.100242175553974,59.98936331899542,91.1911516691509,-390.81550196597453,1,0,300.36842105263156,-0.014641374986814825,-0.014662322245146098,8,-0.021914481381444556,0.2621185473705593,0.001205357851607627,90,10727.473684210527,0,4
1612191350000000000,3.100434466412193,-23.70227421584882,91.17740229556435,-387.36645186574833,1,0,308.2631578947368,-0.01519855464759626,-0.015222950985557154,8,0.0033485873259211842,0.1956857129147178,0.0025662956154280294,90,11009.263157894737,0,4
1612191351000000000,3.100667012365241,-108.48454726369758,91.12498273347553,-383.8938132838199,1,0,314.10526315789474,-0.018622680273103088,-0.01859389480791594,8,0.01789510612817187,0.14664310687466672,0.0018191887525302406,90,11216.947368421053,0,4
1612191352000000000,3.1008332490921022,-198.2176170349121,91.08006896972657,-380.23900909423827,1,0,318.6,-0.022648057155311107,-0.0227109432220459,8,0.042635317984968425,0.10470519214868546,0.0020181909952952993,90,11374.95,0,4
1612191353000000000,3.101273586875514,-287.1031662790399,91.47920347514905,-376.6445601613898,1,0,321.6842105263158,-0.024763477770121473,-0.025110614927191483,8,0.0184307654241198,0.07269540938891862,0.003295835928599301,90,11483.631578947368,0,4
1612191354000000000,3.1018491167771187,-375.4853917172081,92.2686912135074,-373.1181929738898,1,0,323.7894736842105,-0.02318024664725128,-0.02355790138244629,8,0.01296770626581029,0.05205237943875162,0.00276790538153268,90,11558.526315789473,0,4
1612191355000000000,3.1027449683139197,-465.16663882606906,93.18699886924342,-369.5811285721628,0.5789473684210527,0,309.94736842105266,-0.004259630339220166,-0.004694311242354543,8,-0.05509146577433536,-1.7495766705588292,0.013590575863705262,90,11022.157894736842,0.42105263157894735,4
1612191356000000000,3.103229840596517,-536.441392686632,94.01770485772028,-366.8438602023655,0,0.16666666666666666,195.27777777777777,0.023346966960363917,0.023045400778452556,5.944444444444445,0.03053658502176404,-3.3671014176474676,-0.07525814133421388,90,8938.5,1,4
1612191357000000000,2.7838277691288997,-577.1686048005756,94.32564062821238,-362.1172019556949,0,1,113.15789473684211,0.019323914801996005,0.021375932191547594,3.3157894736842106,-0.06091026579471011,-1.504388595882215,-1.9886153371710527,90,7984.9473684210525,0.7099695731150476,4
1612191358000000000,2.0099693073166742,-596.5823262532552,94.02426995171442,-346.5925699869792,0,1,78.22222222222223,0.024079281681527693,0.02002206775877211,2,0.05629826954100281,-0.5843458390898175,-2.045654045210944,90,7540.666666666667,0.012821438411871592,4
1612191359000000000,1.0900506840811834,-595.5052998860677,93.77198537190755,-327.24268595377606,0.31208448939853245,0.8333333333333334,76.16666666666667,0.022070673087404832,0.006126059426201714,2,0.0025229042188988793,0.32960809932814705,-1.7198317994674046,90,7638.388888888889,0,4
1612191360000000000,0.7569021251466539,-578.5840454101562,93.18172030978732,-309.5986090766059,0.9396642810768552,-0.5555555555555556,104.22222222222223,0.00689344457997423,0.010007805294460721,2,0.04286803708722194,1.1333617948823504,0.7964910821626998,90,10412.777777777777,0,4
1612191361000000000,1.0717125236988068,-558.0491231282552,92.66388490464952,-282.17110527886285,0.8539199067486657,-0.6666666666666666,142.66666666666666,-0.011020752326456003,0.009567432933383517,3.4444444444444446,0.23128267002498937,1.0689777607719104,1.3892822530534532,90,10577.388888888889,0,4
1612191362000000000,1.5992599527041118,-547.2214728461372,93.03054979112413,-242.457275390625,0.9932008021407657,-1,159.44444444444446,0.008358958459009753,-0.01519309812121921,4,0.04512024629447195,0.4075214970442984,2.7207849290635853,90,10157.444444444445,0,4
1612191363000000000,1.9371963871849909,-557.8065795898438,94.07549964057074,-198.38494449191623,1,0.2222222222222222,180.72222222222223,0.0171643165522255,-0.02364103661643134,4.277777777777778,0.12489930579128365,1.006346041129695,0.20981821583376992,90,11012.666666666666,0,4
1612191364000000000,1.749425682756636,-573.3808288574219,95.9015990363227,-151.07884216308594,0.03269385960366991,0.8888888888888888,163.5,0.016449224359045427,-0.032628622319963246,4.666666666666667,0.022667031838662095,-1.8002453822021682,-1.8464724785751767,90,9126.166666666666,0.7715135754810439,4
1612191365000000000,1.1112972937132184,-571.2603567023026,97.20341772782176,-114.57361602783203,0.03449738025665283,1,109.63157894736842,0.03596193147333045,-0.0338667631149292,3.3157894736842106,-0.04296423828131274,-0.8311681525879785,-2.2081584616711267,90,7853,0.4939825362280795,4
1612191366000000000,0.3941042584677537,-551.3990444607205,97.43544303046332,-95.21443600124783,0.5652116570207808,1,105.05555555555556,0.031237830718358357,-0.026628103521135118,3,-0.00772870590703355,0.41021810720364255,-2.1198135217030845,90,8637.444444444445,0,4
1612191367000000000,-0.2740325017625259,-521.120615641276,96.85407638549805,-94.05861028035481,0.8474981619252099,1,118.88888888888889,0.022664765749747556,-0.02904640303717719,3,-0.04460950299269623,-0.3834496291043858,-3.0926452014181347,90,9754.333333333334,0,4
1612191368000000000,-0.5207008442117108,-500.20818413628473,95.93572065565321,-110.27574835883246,0.40473541617393494,-0.5555555555555556,74.72222222222223,-0.031533974597954914,0.005622247854868571,1.8888888888888888,-0.24663673382666376,0.13023991603404284,-1.4277021997970425,90,7803.333333333333,0,4
1612191369000000000,1.7458618978659313,-495.6929914686415,95.44224378797743,-122.35803816053603,1,-0.3888888888888889,25.77777777777778,0.019274032629457198,-0.023268653286827937,1,-0.013379661312986476,1.1376452677779727,0.1572567286590735,90,12950.5,0,4
1612191370000000000,2.7260677682028875,-495.28804185655383,95.39993286132812,-123.85270648532443,0.2777777777777778,-0.2222222222222222,12.722222222222221,-0.008860343135893345,-0.02041780948638916,1,-0.0005795869462114448,0.70086094405916,0.084598514626527,90,8640.333333333334,0,4
1612191371000000000,2.791347026824951,-497.861083984375,95.4864730834961,-122.7479248046875,0,0,20,-0.012107120361179113,-0.021274209022521973,1,-0.014702818589285016,-0.11559824645519257,0.0005784674431197345,90,3508,0,4
