Timestamp,Number,Name
1687516100000000000,1,Scarlett
1687516095000000000,2,Charles
1687516100000000000,3,James
1687516095000000000,4,Amelia
1687516100000000000,5,Grace
1687516095000000000,6,Luna
1687516100000000000,7,Hannah
1687516095000000000,8,Carter
1687516100000000000,9,Hazel
1687516095000000000,10,Leo
1687516100000000000,11,Mason
1687516095000000000,12,David
1687516100000000000,13,Lily
1687516095000000000,14,Leah
1687516095000000000,15,Mila
1687516100000000000,16,Isaiah
1687516095000000000,17,Mila
1687516100000000000,18,Samuel
1687516095000000000,19,Claire
1687516100000000000,20,Daniel
1687516095000000000,21,Julian
1687516100000000000,22,Violet
1687516095000000000,23,Isaiah
1687516100000000000,24,Aurora
1687516095000000000,25,Hunter
1687516100000000000,26,David
1687516095000000000,27,Lucy
1687516095000000000,28,Charles
1687516100000000000,29,Carter
1687516095000000000,30,Connor
1687516100000000000,31,Gabriel
1687516095000000000,32,Sophia
1687516100000000000,33,Sebastian
1687516095000000000,34,Mila
1687516100000000000,35,Charles
1687516095000000000,36,Avery
1687516100000000000,37,Alexander
1687516095000000000,38,Matthew
1687516100000000000,39,Ezra
1687516095000000000,40,Audrey
1687516095000000000,41,Caleb
1687516100000000000,42,Evelyn
1687516095000000000,43,Abigail
1687516100000000000,44,Evelyn
1687516095000000000,45,Eli
1687516100000000000,46,James
1687516095000000000,47,Addison
1687516100000000000,48,Luke
1687516095000000000,49,Zoey
1687516100000000000,50,Carter
1687516095000000000,51,John
1687516100000000000,52,Zoey
1687516095000000000,53,Audrey
1687516095000000000,54,Luna
1687516100000000000,55,Lillian
1687516095000000000,56,Mason
1687516100000000000,57,Ryan
1687516095000000000,58,Grace
1687516100000000000,59,Leo
1687516095000000000,60,Nora
1687516100000000000,61,Hannah
1687516095000000000,62,Mia
1687516100000000000,63,Zoe
1687516095000000000,64,Scarlett
1687516100000000000,65,Mila
1687516095000000000,66,Wyatt
1687516095000000000,67,Bella
1687516100000000000,68,Ethan
1687516095000000000,69,Jacob
1687516100000000000,70,Aiden
1687516095000000000,71,Luke
1687516100000000000,72,Hannah
1687516095000000000,73,Logan
1687516100000000000,74,Landon
1687516095000000000,75,Jeremiah
1687516100000000000,76,Thomas
1687516095000000000,77,Penelope
1687516100000000000,78,Addison
1687516095000000000,79,Emma
1687516095000000000,80,Skylar
1687516100000000000,81,Elizabeth
1687516095000000000,82,Skylar
1687516100000000000,83,Emma
1687516095000000000,84,Christopher
1687516100000000000,85,Mila
1687516095000000000,86,Wyatt
1687516100000000000,87,Connor
1687516095000000000,88,Savannah
1687516100000000000,89,Stella
1687516095000000000,90,Isabella
1687516100000000000,91,Isaac
1687516095000000000,92,Christian
1687516095000000000,93,Brooklyn
1687516100000000000,94,Sebastian
1687516095000000000,95,Brooklyn
1687516100000000000,96,Addison
1687516095000000000,97,Ezra
1687516100000000000,98,Skylar
1687516095000000000,99,Bella
1687516100000000000,100,Joseph